<?xml version="1.0" encoding="UTF-8"?>
<project-private xmlns="http://www.netbeans.org/ns/project-private/1">
    <editor-bookmarks xmlns="http://www.netbeans.org/ns/editor-bookmarks/2" lastBookmarkId="0"/>
    <open-files xmlns="http://www.netbeans.org/ns/projectui-open-files/2">
        <group>
            <file>file:/D:/Study/Chuyên%20ngành/Chuyên%20ngành%203/PRJ311/Project/BankCode/src/DatabaseEx/ControllDataFlows.java</file>
            <file>file:/D:/Study/Chuyên%20ngành/Chuyên%20ngành%203/PRJ311/Project/BankCode/src/DatabaseEx/jdbcFormDemo.java</file>
            <file>file:/D:/Study/Chuyên%20ngành/Chuyên%20ngành%203/PRJ311/Project/BankCode/src/DatabaseEx/MainTest.java</file>
        </group>
    </open-files>
</project-private>
